LAR,2022-09-08,20:20
ATL,2022-09-11,13:00
CHI,2022-09-11,13:00
CIN,2022-09-11,13:00
DET,2022-09-11,13:00
MIA,2022-09-11,13:00
NYJ,2022-09-11,13:00
WAS,2022-09-11,13:00
CAR,2022-09-11,13:00
HOU,2022-09-11,13:00
TEN,2022-09-11,16:25
MIN,2022-09-11,16:25
ARI,2022-09-11,16:25
LAC,2022-09-11,16:25
DAL,2022-09-11,20:20
SEA,2022-09-12,20:15
KC,2022-09-15,20:15
CLE,2022-09-18,13:00
DET,2022-09-18,13:00
NO,2022-09-18,13:00
NYG,2022-09-18,13:00
PIT,2022-09-18,13:00
JAX,2022-09-18,13:00
BAL,2022-09-18,13:00
LAR,2022-09-18,16:05
SF,2022-09-18,16:25
DAL,2022-09-18,16:25
DEN,2022-09-18,16:25
LV,2022-09-18,16:25
GB,2022-09-18,20:20
BUF,2022-09-19,19:15
PHI,2022-09-19,20:30
CLE,2022-09-22,20:15
CHI,2022-09-25,13:00
TEN,2022-09-25,13:00
IND,2022-09-25,13:00
MIA,2022-09-25,13:00
MIN,2022-09-25,13:00
NE,2022-09-25,13:00
NYJ,2022-09-25,13:00
WAS,2022-09-25,13:00
CAR,2022-09-25,13:00
LAC,2022-09-25,16:05
ARI,2022-09-25,16:25
SEA,2022-09-25,16:25
TB,2022-09-25,16:25
DEN,2022-09-25,20:20
NYG,2022-09-26,20:15
CIN,2022-09-29,20:15
ATL,2022-10-02,13:00
DAL,2022-10-02,13:00
DET,2022-10-02,13:00
IND,2022-10-02,13:00
NYG,2022-10-02,13:00
PHI,2022-10-02,13:00
PIT,2022-10-02,13:00
BAL,2022-10-02,13:00
HOU,2022-10-02,13:00
CAR,2022-10-02,16:05
GB,2022-10-02,16:25
LV,2022-10-02,16:25
TB,2022-10-02,20:20
SF,2022-10-03,20:15
DEN,2022-10-06,20:15
BUF,2022-10-09,13:00
CLE,2022-10-09,13:00
MIN,2022-10-09,13:00
NE,2022-10-09,13:00
NO,2022-10-09,13:00
NYJ,2022-10-09,13:00
TB,2022-10-09,13:00
WAS,2022-10-09,13:00
JAX,2022-10-09,13:00
CAR,2022-10-09,16:05
LAR,2022-10-09,16:25
ARI,2022-10-09,16:25
BAL,2022-10-09,20:20
KC,2022-10-10,20:15
CHI,2022-10-13,20:15
ATL,2022-10-16,13:00
CLE,2022-10-16,13:00
GB,2022-10-16,13:00
IND,2022-10-16,13:00
MIA,2022-10-16,13:00
NO,2022-10-16,13:00
NYG,2022-10-16,13:00
PIT,2022-10-16,13:00
LAR,2022-10-16,16:00
SEA,2022-10-16,16:00
KC,2022-10-16,16:25
PHI,2022-10-16,20:20
LAC,2022-10-17,20:15
ARI,2022-10-20,20:15
CIN,2022-10-23,13:00
DAL,2022-10-23,13:00
TEN,2022-10-23,13:00
WAS,2022-10-23,13:00
CAR,2022-10-23,13:00
JAX,2022-10-23,13:00
BAL,2022-10-23,13:00
DEN,2022-10-23,16:05
LV,2022-10-23,16:05
LAC,2022-10-23,16:25
SF,2022-10-23,16:25
MIA,2022-10-23,20:20
NE,2022-10-24,20:15
TB,2022-10-27,20:15
ATL,2022-10-30,13:00
DAL,2022-10-30,13:00
DET,2022-10-30,13:00
MIN,2022-10-30,13:00
NO,2022-10-30,13:00
NYJ,2022-10-30,13:00
PHI,2022-10-30,13:00
HOU,2022-10-30,16:05
IND,2022-10-30,16:25
LAR,2022-10-30,16:25
SEA,2022-10-30,16:25
BUF,2022-10-30,20:20
CLE,2022-10-31,20:15
HOU,2022-11-03,20:15
ATL,2022-11-06,13:00
CHI,2022-11-06,13:00
CIN,2022-11-06,13:00
DET,2022-11-06,13:00
NE,2022-11-06,13:00
NYJ,2022-11-06,13:00
WAS,2022-11-06,13:00
JAX,2022-11-06,13:00
ARI,2022-11-06,16:05
TB,2022-11-06,16:05
KC,2022-11-06,20:20
NO,2022-11-07,20:15
CAR,2022-11-10,20:15
BUF,2022-11-13,13:00
CHI,2022-11-13,13:00
TEN,2022-11-13,13:00
KC,2022-11-13,13:00
MIA,2022-11-13,13:00
NYG,2022-11-13,13:00
PIT,2022-11-13,13:00
LV,2022-11-13,16:05
GB,2022-11-13,16:25
LAR,2022-11-13,16:25
SF,2022-11-13,20:20
PHI,2022-11-14,20:15
GB,2022-11-17,20:15
ATL,2022-11-20,13:00
BUF,2022-11-20,13:00
IND,2022-11-20,13:00
NE,2022-11-20,13:00
NO,2022-11-20,13:00
NYG,2022-11-20,13:00
BAL,2022-11-20,13:00
HOU,2022-11-20,13:00
DEN,2022-11-20,16:05
MIN,2022-11-20,16:25
LAC,2022-11-20,16:25
PIT,2022-11-20,20:20
DET,2022-11-24,12:30
DAL,2022-11-24,16:30
MIN,2022-11-24,20:20
CLE,2022-11-27,13:00
TEN,2022-11-27,13:00
MIA,2022-11-27,13:00
NYJ,2022-11-27,13:00
WAS,2022-11-27,13:00
CAR,2022-11-27,13:00
JAX,2022-11-27,13:00
ARI,2022-11-27,16:05
SEA,2022-11-27,16:05
KC,2022-11-27,16:25
SF,2022-11-27,16:25
PHI,2022-11-27,20:20
IND,2022-11-28,20:15
NE,2022-12-01,20:15
ATL,2022-12-04,13:00
CHI,2022-12-04,13:00
DET,2022-12-04,13:00
MIN,2022-12-04,13:00
NYG,2022-12-04,13:00
PHI,2022-12-04,13:00
BAL,2022-12-04,13:00
HOU,2022-12-04,13:00
LAR,2022-12-04,16:05
SF,2022-12-04,16:05
CIN,2022-12-04,16:25
LV,2022-12-04,16:25
DAL,2022-12-04,20:20
TB,2022-12-05,20:15
LAR,2022-12-08,20:15
BUF,2022-12-11,13:00
CIN,2022-12-11,13:00
DAL,2022-12-11,13:00
DET,2022-12-11,13:00
TEN,2022-12-11,13:00
NYG,2022-12-11,13:00
PIT,2022-12-11,13:00
LAC,2022-12-11,16:05
SF,2022-12-11,16:25
SEA,2022-12-11,16:25
DEN,2022-12-11,20:20
ARI,2022-12-12,20:15
SEA,2022-12-15,20:15
BUF,2022-12-18,13:00
CLE,2022-12-18,13:00
MIN,2022-12-18,13:00
NO,2022-12-18,13:00
WAS,2022-12-18,13:00
CHI,2022-12-18,13:00
NYJ,2022-12-18,13:00
CAR,2022-12-18,13:00
JAX,2022-12-18,13:00
HOU,2022-12-18,13:00
DEN,2022-12-18,16:05
LAC,2022-12-18,16:25
TB,2022-12-18,16:25
LV,2022-12-18,20:20
GB,2022-12-19,20:15
NYJ,2022-12-22,20:15
CHI,2022-12-24,13:00
CLE,2022-12-24,13:00
TEN,2022-12-24,13:00
KC,2022-12-24,13:00
MIN,2022-12-24,13:00
NE,2022-12-24,13:00
CAR,2022-12-24,13:00
BAL,2022-12-24,13:00
SF,2022-12-24,16:05
DAL,2022-12-24,16:25
PIT,2022-12-24,20:15
MIA,2022-12-25,13:00
LAR,2022-12-25,16:30
ARI,2022-12-25,20:20
IND,2022-12-26,20:15
TEN,2022-12-29,20:15
ATL,2023-01-01,13:00
DET,2023-01-01,13:00
KC,2023-01-01,13:00
NE,2023-01-01,13:00
NYG,2023-01-01,13:00
PHI,2023-01-01,13:00
TB,2023-01-01,13:00
WAS,2023-01-01,13:00
BAL,2023-01-01,13:00
HOU,2023-01-01,13:00
LV,2023-01-01,16:05
SEA,2023-01-01,16:05
GB,2023-01-01,16:25
LAC,2023-01-01,20:20
CIN,2023-01-02,20:30
ATL,2023-01-08,13:00
BUF,2023-01-08,13:00
CHI,2023-01-08,13:00
CIN,2023-01-08,13:00
GB,2023-01-08,13:00
IND,2023-01-08,13:00
MIA,2023-01-08,13:00
NO,2023-01-08,13:00
PHI,2023-01-08,13:00
PIT,2023-01-08,13:00
WAS,2023-01-08,13:00
JAX,2023-01-08,13:00
DEN,2023-01-08,16:25
LV,2023-01-08,16:25
SF,2023-01-08,16:25
SEA,2023-01-08,16:25
